metric,hist,sim
vol_ratio_estres_vs_normal,1.3809659291532843,1.3939138735189942
delta_avg_corr_estres_minus_normal,0.07847511510761482,0.09587652702769467
