,to_Normal,to_Estrés
from_Normal,0.9987639060568603,0.0012360939431396785
from_Estrés,0.007142857142857143,0.9928571428571429
