scenario,label,desc,n_paths,horizon_days,df_used_stress,vol_mult_stress,tail_mult_stress,mean_shift_stress,pct_estres_sim,avg_dur_estres_sim,n_switches_sim,avg_corr_stress_sim,vol_daily,vol_ann,max_drawdown_mean,max_drawdown_p95,VaR99_daily,ES99_daily,VaR99_6m,ES99_6m
S2_Crisis_Credito_2008,Escenario 2 (Crisis de Credito 2008),"Ruptura de crédito: HYG y equity altamente sincronizados, cola izquierda severa.",10000,126,6.5,1.55,1.7,-0.0008,0.1517047619047619,68.9057917888563,0.2594,0.5218484603847598,0.015831394131263492,0.2513155906726239,-0.1415208235051866,-0.04997118773819202,-0.04591801547213854,-0.07394037374495867,-0.41099994691887365,-0.4814406518419313
S3_Alternativo_Liquidez_Global,Escenario 3 (Alternativo: Contagio de liquidez),Shock de liquidez transversal con aumento de correlaciones y colas en todos los bloques.,10000,126,8.0,1.45,1.45,-0.0006,0.14592619047619046,67.45676012461058,0.2601,0.4486311983255704,0.014268103414370178,0.22649911988985036,-0.13285902836694455,-0.049343854200087196,-0.041199930069599336,-0.06299388492365311,-0.360740330975883,-0.44631960406042986
S1_Estanflacion_2022,Escenario 1 (Estanflacion 2022),"Inflación persistente: equity y bonos corrigen juntos, volatilidad elevada.",10000,126,9.0,1.35,1.25,-0.0004,0.14843968253968257,68.76764264264264,0.2504,0.4298406187456617,0.013349799498174202,0.21192149714846287,-0.12689598744473496,-0.050305777163947026,-0.038314578407811176,-0.05640504239074154,-0.28650036824814584,-0.3598435693037244
BASE_HMM_COPULA,Base (HMM + copulas por estado),Simulación base sin shock adicional.,10000,126,10.0,1.0,1.0,0.0,0.1478642857142857,68.29096677864875,0.2587,0.30708781889378645,0.011275269937303389,0.17898936131536564,-0.1102079344754176,-0.04871386130174872,-0.03094401976376336,-0.04300010830629366,-0.21422452015497234,-0.2534550268461525
