dataset,vol_daily,vol_ann,max_drawdown_6m_mean,max_drawdown_6m_p95,max_drawdown_fullsample,VaR99_daily,ES99_daily,VaR99_6m,ES99_6m
Real,0.011302526403621047,0.17942204430433523,-0.10137429557075435,-0.033870743491809074,-0.4822027407867193,-0.031141938512541316,-0.04731745724974001,-0.28457664238941854,-0.32639882964715794
Simulado,0.011245383515808996,0.17851492908225472,-0.1093213758065267,-0.04957659922005899,,-0.03078218595015044,-0.04277765018139276,-0.21412500564896375,-0.25486451849955405
