dataset,vol_daily,vol_ann,max_drawdown_6m_mean,max_drawdown_6m_p95,max_drawdown_fullsample,VaR99_daily,ES99_daily,VaR99_6m,ES99_6m
Real,0.011302527134276588,0.17942205590313237,-0.10137429299677,-0.03387073369355187,-0.4822027111514785,-0.031141971379323893,-0.04731747035210171,-0.2845766564717912,-0.32639885324889206
Simulado,0.011245412391272977,0.17851538746603485,-0.1093215625178801,-0.049577173233750826,,-0.030782454539821928,-0.04277778190900946,-0.21411986442102232,-0.25486546383823777
