scenario,label,desc,n_paths,horizon_days,df_used_stress,vol_mult_stress,tail_mult_stress,mean_shift_stress,pct_estres_sim,avg_dur_estres_sim,n_switches_sim,avg_corr_stress_sim,vol_daily,vol_ann,max_drawdown_mean,max_drawdown_p95,VaR99_daily,ES99_daily,VaR99_6m,ES99_6m
S2_Crisis_Credito_2008,Escenario 2 (Crisis de Credito 2008),"Ruptura de crédito: HYG y equity altamente sincronizados, cola izquierda severa.",10000,126,6.5,1.55,1.7,-0.0008,0.1517047619047619,68.9057917888563,0.2594,0.521887471190055,0.015831415651315055,0.25131593229285176,-0.14152098929148316,-0.049970715292433014,-0.045917271218596345,-0.07394052194000582,-0.41100462605604443,-0.4814407928402445
S3_Alternativo_Liquidez_Global,Escenario 3 (Alternativo: Contagio de liquidez),Shock de liquidez transversal con aumento de correlaciones y colas en todos los bloques.,10000,126,8.0,1.45,1.45,-0.0006,0.14592619047619046,67.45676012461058,0.2601,0.4486709078917674,0.014268136738278089,0.22649964889048863,-0.13285918826064186,-0.049343137583350356,-0.041200120555769056,-0.06299411476962034,-0.3607520588109153,-0.4463217127614532
S1_Estanflacion_2022,Escenario 1 (Estanflacion 2022),"Inflación persistente: equity y bonos corrigen juntos, volatilidad elevada.",10000,126,9.0,1.35,1.25,-0.0004,0.14843968253968257,68.76764264264264,0.2504,0.4298614052494546,0.013349821342209175,0.21192184391176788,-0.12689610148762553,-0.05030612694475806,-0.038312568264981375,-0.056405131484750674,-0.28649482623847505,-0.3598442605750066
BASE_HMM_COPULA,Base (HMM + copulas por estado),Simulación base sin shock adicional.,10000,126,10.0,1.0,1.0,0.0,0.1478642857142857,68.29096677864875,0.2587,0.3071278956522622,0.011275297342052302,0.17898979635226783,-0.11020815015694423,-0.04871333338363238,-0.030946289099510554,-0.04300021975778698,-0.21422105784086018,-0.25345565870900044
