state,n_hist,n_sim,avg_vol_hist,avg_vol_sim,avg_corr_hist,avg_corr_sim
Normal,4044,1076620,0.016970955681329863,0.017143717091985172,0.22981409615747347,0.21112584465127082
Estrés,698,183380,0.023436311581086906,0.023896865098202838,0.3082892112650883,0.3070023716789655
