state,n_hist,n_sim,avg_vol_hist,avg_vol_sim,avg_corr_hist,avg_corr_sim
Normal,4044,1076620,0.01697095434435083,0.0171437187347026,0.22981456075490675,0.21112519384060893
Estrés,698,183380,0.023436312170216217,0.023896866264541954,0.30828975920620977,0.306960155407844
