metric,hist,sim
vol_ratio_estres_vs_normal,1.380966072660347,1.3939138079866837
delta_avg_corr_estres_minus_normal,0.07847519845130302,0.09583496156723506
